{"cameraMode":{"drawMode":0,"name":"Shaded","section":"Shading Mode"},"sceneLighting":true,"audioPlay":false,"sceneViewState":{"m_AlwaysRefresh":true,"showFog":true,"showSkybox":false,"showFlares":true,"showImageEffects":true,"showParticleSystems":true,"showVisualEffectGraphs":true,"m_FxEnabled":true},"in2DMode":false,"pivot":{"x":-0.41151875257492068,"y":-0.7323669195175171,"z":1.1871376037597657},"rotation":{"x":-0.19881856441497804,"y":0.799055278301239,"z":-0.3672465980052948,"w":-0.4325912594795227},"size":1.4627344608306885,"orthographic":false}