{"cameraMode":{"drawMode":0,"name":"Shaded","section":"Shading Mode"},"sceneLighting":true,"audioPlay":false,"sceneViewState":{"m_AlwaysRefresh":false,"showFog":true,"showSkybox":true,"showFlares":true,"showImageEffects":true,"showParticleSystems":true,"showVisualEffectGraphs":true,"m_FxEnabled":true},"in2DMode":false,"pivot":{"x":-0.2984914779663086,"y":2.017207622528076,"z":-0.8102066516876221},"rotation":{"x":0.08400929719209671,"y":-0.6760668158531189,"z":0.07801549136638642,"w":0.7278925180435181},"size":3.6808907985687258,"orthographic":false}